1234 ST J NEUMANN,
1234 ST J NEWMAN,
1234 ST JAMES,
1234 ST JOHN NEUMAN,
1234 ST JOHN NEUMANN,
1234 ST JOHN NEUMANNS,
1234 ST JOHN NEWMAN,
1234 Main St,
1234 Main st S,
1234 S Main St,
1234A main st.,
1234 Main,
1234 N Main st W,
1234 Ben Franklin,
1234 North Main st S,
1234 n Main STREET ,
1234 Main STREET South,
1234 South Street,
1234 Main St Apt 1A,
1234 Main st S  Apt 1A,
1234 S Main St  Apt 1A,
1234A main st.  Apt 1A,
1234 Main  Apt 1A,
1234 N Main st W  Apt 1A,
1234 Ben Franklin  Apt 1A,
1234 North Main st S  Apt 1A,
1234 n Main STREET  Apt 1A,
1234 Main STREET South  Apt 1A,
1234 South Street  Apt 1A,
1234 Main STREET South 1st fl,
1234 Main STREET South 2nd fl,
1234 Main STREET South 3rd fl,
1234 Main STREET South 14th fl,
1234 Main STREET South rear,
1234 Main STREET South rear apt,
0 N Front St,
12 N FARSON ST APT 3 RD FLR.,
12 N W Loop South,
12-1/2 Lincoln,
1234 E CUMBERLAND ST REAR ENTRANCE ON MAIN ST,
1234 E DAUPHIN ST APT 2ND FRONT,
1234 E TIOGA ST BACK APT 2ND FLR.,
1234 E. LUZERNE ST FIRST FLOOR APT 2,
1234 N 16TH ST BUILDING A APT A -5,
1234 N 22ND APTB,
1234 N BROAD ST BASEMENT ENTER IN THE BACK,
1234 N CECIL B MOORE 1 ST FLR,
1234 N HANCOCK ST REAR APT. 2ND FLR,
1234 N. NEWKIRK STREET ACTS II,
1234 N. ORIANNA ST PHILA. PA,
1234 NORTH 32ND STREEET APT A,
1341 N. 55TH ST ALTERNATE ADDRESS 1234 N. 11TH ST APT 1501,
1500 Deer Creek Lane,
1515 West 22nd Street,
154R-56 W CHELTEN AVE,
1562R-64 WADSWORTH AVE,
1570-78 N 52ND ST,
1600 Pennsylvania Ave,
186 Avenue A,
19th St,
2081 N Webb Rd,
2081 N. Webb Rd,
21A Deer Run Drive,
2201 1/2-03 N BROAD ST,
221B Baker Street,
23 N W Loop South,
23 N W Loop street,
23N W Loop South,
23N W Loop South,
2532 W LEHIGH AVE BOTTOM BELL,
2545 RIDGE DRIVE JOHNSON HOMES  APT G,
256K Memory Lane,
33 1/2 W 42nd St.,
454 N 38 1/2,
7401-3 TABOR AVE,
909 1/2-11 S 09TH ST,
Bennet Rd and Main St,
One Market,
One Market, Suite 200
One Market,
One Union Square,
One Union Square,
One Union Square, Apt 22-C
P.O. Box 33170,
P.O. Box 33170,
Pearl St,
The Landmark @ One Market, Suite 200
440 E Mount Pleasant Ave,
1234 Mt Pleasant ave,
1234 mt. airy,
3207 SRNG GDN ST,
221 N CHRIS COLUMBUS BLV,
221 CHRIS COLUMBUS BLV,
1234 Ave a,
1234 North St,
1234 N West St,
1234 02ND st,
1234 102ND Street,
1234 Benj franklin ,
1234 CB Moore ,
1234 eighth st,
1234 eleventh st,
1234 first st,
1234 twenty-third st,
1234 ST ALBAN,
1234 ST ALBANS,
1234 ST ANDREW,
1234 ST ANDREWS,
1234 ST BERNARD,
1234 ST BERNARDS,
1234 ST CHRISTOPHER,
1234 ST CHRISTOPHERS,
1234 ST DAVID,
1234 ST DAVIDS,
1234 ST DENIS,
1234 ST GEORGE,
1234 ST GEORGES,
ST JOSEPH,
ST JOSEPHS,
ST LUKE,
ST LUKES,
ST MALACHY,
ST MALACHYS,
ST MARK,
ST MARKS,
ST MARTIN,
ST MARTINS,
ST MICHAEL,
ST MICHAELS,
ST PAUL,
ST PAULS,
ST PETER,
ST PETERS,
ST VINCENT,
ST VINCENTS,
1234 AYRDALECRESCENT st,
1234 AYRDALECRESCENT,
1234 La Rue St,
03RD ST/CAYUGA ST,
05TH /WESTMORELAND S,
E ONTARIO ST /TAMPA ST,
N 02ND ST /W ERIE AV,
